<?xml version="1.0" encoding="UTF-8"?>

<FLOW VERSION="3.0" CLEANUP="true">

  <!-- nodes -->

<MAP TIMEOUT="" MODE="STANDALONE">
  <COMMENT></COMMENT>
</MAP>

<LOOP TIMEOUT="" IN-ARRAY="/inputOps/stringListInput/var1">
  <COMMENT></COMMENT>

  <!-- nodes -->

<MAP TIMEOUT="" MODE="STANDALONE">
  <COMMENT></COMMENT>
</MAP>

<BRANCH TIMEOUT="" SWITCH="/inputOps/stringInput/var1">
  <COMMENT></COMMENT>

  <!-- nodes -->

<EXIT NAME="10" FROM="$parent" SIGNAL="SUCCESS" FAILURE-MESSAGE="">
  <COMMENT></COMMENT>
</EXIT>
</BRANCH>

<MAP TIMEOUT="" MODE="STANDALONE">
  <COMMENT>-- Inside Loop --</COMMENT>
</MAP>
</LOOP>

<MAP TIMEOUT="" MODE="STANDALONE">
  <COMMENT>-- Out Side Loop --</COMMENT>
</MAP>
</FLOW>
